{"name":"44099e5d-98a4-43ed-a1ac-d98d03683930","id":"/providers/Microsoft.Flow/flows/44099e5d-98a4-43ed-a1ac-d98d03683930","type":"Microsoft.Flow/flows","properties":{"apiId":"/providers/Microsoft.PowerApps/apis/shared_logicflows","displayName":"InspectionImages","definition":{"metadata":{"workflowEntityId":null,"processAdvisorMetadata":null,"flowclientsuspensionreason":"None","flowclientsuspensiontime":null,"flowclientsuspensionreasondetails":null,"creator":{"id":"8b74218c-841e-425b-b01b-85db8d49c679","type":"User","tenantId":"93aedbdc-cc67-4652-aa12-d250a876ae79"},"provisioningMethod":"FromDefinition","failureAlertSubscription":true,"clientLastModifiedTime":"2022-08-04T23:44:17.891621Z"},"$schema":"https://schema.management.azure.com/providers/Microsoft.Logic/schemas/2016-06-01/workflowdefinition.json#","contentVersion":"1.0.0.0","parameters":{"$connections":{"defaultValue":{},"type":"Object"},"$authentication":{"defaultValue":{},"type":"SecureObject"}},"triggers":{"manual":{"metadata":{"operationMetadataId":"4eeaf26f-0142-4498-aa0a-b0e08fce1c36"},"type":"Request","kind":"PowerAppV2","inputs":{"schema":{"type":"object","properties":{"text":{"title":"WoNum","type":"string","x-ms-dynamically-added":true,"description":"Please enter your input","x-ms-content-hint":"TEXT"},"text_2":{"title":"FileName","type":"string","x-ms-dynamically-added":true,"description":"Please enter your input","x-ms-content-hint":"TEXT"},"text_3":{"title":"varBase64","type":"string","x-ms-dynamically-added":true,"description":"Please enter your input","x-ms-content-hint":"TEXT"},"text_4":{"title":"Substation","type":"string","x-ms-dynamically-added":true,"description":"Please enter your input","x-ms-content-hint":"TEXT"}},"required":["text","text_2","text_3","text_4"]}}}},"actions":{"Create_file":{"runAfter":{},"metadata":{"operationMetadataId":"0339665e-0fe7-49b5-8ace-29cb945005d3"},"type":"OpenApiConnection","inputs":{"host":{"apiId":"/providers/Microsoft.PowerApps/apis/shared_sharepointonline","connectionName":"shared_sharepointonline","operationId":"CreateFile"},"parameters":{"dataset":"https://eskom.sharepoint.com/teams/WCOUBIPM/msm","folderPath":"/Images Library/","name":"@{triggerBody()['text_4']}_@{triggerBody()['text']}_ _Q_@{triggerBody()['text_2']}","body":"@base64ToBinary(triggerBody()['text_3'])"},"authentication":{"value":"@json(decodeBase64(triggerOutputs().headers['X-MS-APIM-Tokens']))['$ConnectionKey']","type":"Raw"}},"runtimeConfiguration":{"contentTransfer":{"transferMode":"Chunked"}}},"Update_file_properties":{"runAfter":{"Create_file":["Succeeded"]},"metadata":{"operationMetadataId":"c5cf3cc2-61c2-422f-a25f-79cc6590c576"},"type":"OpenApiConnection","inputs":{"host":{"apiId":"/providers/Microsoft.PowerApps/apis/shared_sharepointonline","connectionName":"shared_sharepointonline","operationId":"PatchFileItem"},"parameters":{"dataset":"https://eskom.sharepoint.com/teams/WCOUBIPM/msm","table":"86cc7ada-0d47-422a-bfcc-cb2620658622","id":"@outputs('Create_file')?['body/ItemId']","item/WoNum":"@triggerBody()['text']","item/Substation":"@triggerBody()['text_4']"},"authentication":{"value":"@json(decodeBase64(triggerOutputs().headers['X-MS-APIM-Tokens']))['$ConnectionKey']","type":"Raw"}}}},"outputs":{}},"connectionReferences":{"shared_sharepointonline":{"connectionName":"040ac56b2c914845b5f6182c50ccfdf7","source":"Invoker","id":"/providers/Microsoft.PowerApps/apis/shared_sharepointonline","tier":"NotSpecified"}},"flowFailureAlertSubscribed":false,"isManaged":false}}